<?xml version="1.0" encoding="UTF-8"?>
<project-private xmlns="http://www.netbeans.org/ns/project-private/1">
    <data xmlns="http://www.netbeans.org/ns/make-project-private/1">
        <activeConfTypeElem>1</activeConfTypeElem>
        <activeConfIndexElem>0</activeConfIndexElem>
    </data>
    <editor-bookmarks xmlns="http://www.netbeans.org/ns/editor-bookmarks/2" lastBookmarkId="1">
        <file>
            <url>Table.cpp</url>
            <bookmark id="1">
                <name/>
                <line>43</line>
                <key/>
            </bookmark>
        </file>
    </editor-bookmarks>
    <open-files xmlns="http://www.netbeans.org/ns/projectui-open-files/2">
        <group>
            <file>file:/C:/Users/K99/Documents/reps/Csc17C_42475/Homework/Assn3/Assn3_Review2/AbsRow.cpp</file>
            <file>file:/C:/Users/K99/Documents/reps/Csc17C_42475/Homework/Assn3/Assn3_Review2/main.cpp</file>
            <file>file:/C:/Users/K99/Documents/reps/Csc17C_42475/Homework/Assn3/Assn3_Review2/AbsTabl.cpp</file>
            <file>file:/C:/Users/K99/Documents/reps/Csc17C_42475/Homework/Assn3/Assn3_Review2/PlusTab.cpp</file>
            <file>file:/C:/Users/K99/Documents/reps/Csc17C_42475/Homework/Assn3/Assn3_Review2/Table.cpp</file>
            <file>file:/C:/Users/K99/Documents/reps/Csc17C_42475/Homework/Assn3/Assn3_Review2/AbsRow.h</file>
            <file>file:/C:/Users/K99/Documents/reps/Csc17C_42475/Homework/Assn3/Assn3_Review2/RowAray.h</file>
            <file>file:/C:/Users/K99/Documents/reps/Csc17C_42475/Homework/Assn3/Assn3_Review2/AbsTabl.h</file>
            <file>file:/C:/Users/K99/Documents/reps/Csc17C_42475/Homework/Assn3/Assn3_Review2/PlusTab.h</file>
            <file>file:/C:/Users/K99/Documents/reps/Csc17C_42475/Homework/Assn3/Assn3_Review2/Table.h</file>
            <file>file:/C:/Users/K99/Documents/reps/Csc17C_42475/Homework/Assn3/Assn3_Review2/RowAray.cpp</file>
        </group>
    </open-files>
</project-private>
